region,transportation_type,Date,Value
Indonesia,driving,2020-01-13,100.0
Indonesia,walking,2020-01-13,100.0
Indonesia,driving,2020-01-14,100.95
Indonesia,walking,2020-01-14,100.61
Indonesia,driving,2020-01-15,103.17
Indonesia,walking,2020-01-15,97.86
Indonesia,driving,2020-01-16,103.49
Indonesia,walking,2020-01-16,100.22
Indonesia,driving,2020-01-17,127.22
Indonesia,walking,2020-01-17,114.75
Indonesia,driving,2020-01-18,135.77
Indonesia,walking,2020-01-18,128.47
Indonesia,driving,2020-01-19,109.68
Indonesia,walking,2020-01-19,107.06
Indonesia,driving,2020-01-20,103.62
Indonesia,walking,2020-01-20,103.86
Indonesia,driving,2020-01-21,101.54
Indonesia,walking,2020-01-21,100.7
Indonesia,driving,2020-01-22,106.06
Indonesia,walking,2020-01-22,104.28
Indonesia,driving,2020-01-23,110.31
Indonesia,walking,2020-01-23,102.69
Indonesia,driving,2020-01-24,142.98
Indonesia,walking,2020-01-24,125.3
Indonesia,driving,2020-01-25,144.2
Indonesia,walking,2020-01-25,131.44
Indonesia,driving,2020-01-26,116.83
Indonesia,walking,2020-01-26,111.84
Indonesia,driving,2020-01-27,105.27
Indonesia,walking,2020-01-27,106.66
Indonesia,driving,2020-01-28,105.0
Indonesia,walking,2020-01-28,106.36
Indonesia,driving,2020-01-29,102.55
Indonesia,walking,2020-01-29,100.34
Indonesia,driving,2020-01-30,100.66
Indonesia,walking,2020-01-30,99.32
Indonesia,driving,2020-01-31,129.64
Indonesia,walking,2020-01-31,118.64
Indonesia,driving,2020-02-01,147.18
Indonesia,walking,2020-02-01,131.66
Indonesia,driving,2020-02-02,117.4
Indonesia,walking,2020-02-02,113.51
Indonesia,driving,2020-02-03,103.69
Indonesia,walking,2020-02-03,103.42
Indonesia,driving,2020-02-04,103.6
Indonesia,walking,2020-02-04,102.42
Indonesia,driving,2020-02-05,105.0
Indonesia,walking,2020-02-05,103.29
Indonesia,driving,2020-02-06,106.75
Indonesia,walking,2020-02-06,103.7
Indonesia,driving,2020-02-07,131.57
Indonesia,walking,2020-02-07,115.09
Indonesia,driving,2020-02-08,145.83
Indonesia,walking,2020-02-08,129.25
Indonesia,driving,2020-02-09,112.79
Indonesia,walking,2020-02-09,110.41
Indonesia,driving,2020-02-10,103.37
Indonesia,walking,2020-02-10,102.7
Indonesia,driving,2020-02-11,102.29
Indonesia,walking,2020-02-11,98.81
Indonesia,driving,2020-02-12,102.07
Indonesia,walking,2020-02-12,97.3
Indonesia,driving,2020-02-13,107.27
Indonesia,walking,2020-02-13,102.12
Indonesia,driving,2020-02-14,133.75
Indonesia,walking,2020-02-14,116.83
Indonesia,driving,2020-02-15,142.78
Indonesia,walking,2020-02-15,125.67
Indonesia,driving,2020-02-16,109.17
Indonesia,walking,2020-02-16,102.73
Indonesia,driving,2020-02-17,98.27
Indonesia,walking,2020-02-17,95.96
Indonesia,driving,2020-02-18,96.71
Indonesia,walking,2020-02-18,95.66
Indonesia,driving,2020-02-19,103.73
Indonesia,walking,2020-02-19,97.78
Indonesia,driving,2020-02-20,107.9
Indonesia,walking,2020-02-20,100.52
Indonesia,driving,2020-02-21,134.18
Indonesia,walking,2020-02-21,114.25
Indonesia,driving,2020-02-22,142.24
Indonesia,walking,2020-02-22,125.6
Indonesia,driving,2020-02-23,107.99
Indonesia,walking,2020-02-23,99.26
Indonesia,driving,2020-02-24,102.07
Indonesia,walking,2020-02-24,96.88
Indonesia,driving,2020-02-25,99.4
Indonesia,walking,2020-02-25,93.63
Indonesia,driving,2020-02-26,98.92
Indonesia,walking,2020-02-26,91.96
Indonesia,driving,2020-02-27,100.77
Indonesia,walking,2020-02-27,91.42
Indonesia,driving,2020-02-28,129.12
Indonesia,walking,2020-02-28,111.25
Indonesia,driving,2020-02-29,143.34
Indonesia,walking,2020-02-29,119.76
Indonesia,driving,2020-03-01,110.82
Indonesia,walking,2020-03-01,97.89
Indonesia,driving,2020-03-02,97.69
Indonesia,walking,2020-03-02,94.71
Indonesia,driving,2020-03-03,95.87
Indonesia,walking,2020-03-03,95.13
Indonesia,driving,2020-03-04,97.14
Indonesia,walking,2020-03-04,90.37
Indonesia,driving,2020-03-05,102.06
Indonesia,walking,2020-03-05,95.05
Indonesia,driving,2020-03-06,130.82
Indonesia,walking,2020-03-06,110.2
Indonesia,driving,2020-03-07,139.89
Indonesia,walking,2020-03-07,117.99
Indonesia,driving,2020-03-08,106.16
Indonesia,walking,2020-03-08,96.21
Indonesia,driving,2020-03-09,96.88
Indonesia,walking,2020-03-09,89.48
Indonesia,driving,2020-03-10,96.96
Indonesia,walking,2020-03-10,91.21
Indonesia,driving,2020-03-11,96.2
Indonesia,walking,2020-03-11,88.5
Indonesia,driving,2020-03-12,93.03
Indonesia,walking,2020-03-12,86.82
Indonesia,driving,2020-03-13,114.99
Indonesia,walking,2020-03-13,98.41
Indonesia,driving,2020-03-14,116.88
Indonesia,walking,2020-03-14,98.25
Indonesia,driving,2020-03-15,87.76
Indonesia,walking,2020-03-15,75.32
Indonesia,driving,2020-03-16,77.54
Indonesia,walking,2020-03-16,66.82
Indonesia,driving,2020-03-17,72.22
Indonesia,walking,2020-03-17,62.19
Indonesia,driving,2020-03-18,67.97
Indonesia,walking,2020-03-18,59.46
Indonesia,driving,2020-03-19,62.5
Indonesia,walking,2020-03-19,50.97
Indonesia,driving,2020-03-20,66.39
Indonesia,walking,2020-03-20,51.77
Indonesia,driving,2020-03-21,64.0
Indonesia,walking,2020-03-21,48.79
Indonesia,driving,2020-03-22,51.47
Indonesia,walking,2020-03-22,39.75
Indonesia,driving,2020-03-23,46.59
Indonesia,walking,2020-03-23,36.13
Indonesia,driving,2020-03-24,40.72
Indonesia,walking,2020-03-24,30.27
Indonesia,driving,2020-03-25,39.29
Indonesia,walking,2020-03-25,29.63
Indonesia,driving,2020-03-26,39.48
Indonesia,walking,2020-03-26,31.52
Indonesia,driving,2020-03-27,43.74
Indonesia,walking,2020-03-27,33.03
Indonesia,driving,2020-03-28,42.48
Indonesia,walking,2020-03-28,31.91
Indonesia,driving,2020-03-29,40.44
Indonesia,walking,2020-03-29,31.08
Indonesia,driving,2020-03-30,39.72
Indonesia,walking,2020-03-30,30.86
Indonesia,driving,2020-03-31,40.62
Indonesia,walking,2020-03-31,32.03
Indonesia,driving,2020-04-01,42.03
Indonesia,walking,2020-04-01,31.54
Indonesia,driving,2020-04-02,41.87
Indonesia,walking,2020-04-02,32.61
Indonesia,driving,2020-04-03,43.66
Indonesia,walking,2020-04-03,33.73
Indonesia,driving,2020-04-04,45.19
Indonesia,walking,2020-04-04,33.81
Indonesia,driving,2020-04-05,42.23
Indonesia,walking,2020-04-05,32.51
Indonesia,driving,2020-04-06,41.82
Indonesia,walking,2020-04-06,32.38
Indonesia,driving,2020-04-07,41.97
Indonesia,walking,2020-04-07,31.5
Indonesia,driving,2020-04-08,41.76
Indonesia,walking,2020-04-08,32.0
Indonesia,driving,2020-04-09,41.47
Indonesia,walking,2020-04-09,30.48
Indonesia,driving,2020-04-10,42.66
Indonesia,walking,2020-04-10,32.73
Indonesia,driving,2020-04-11,42.26
Indonesia,walking,2020-04-11,33.32
Indonesia,driving,2020-04-12,41.82
Indonesia,walking,2020-04-12,31.55
Indonesia,driving,2020-04-13,42.14
Indonesia,walking,2020-04-13,33.06
Indonesia,driving,2020-04-14,42.52
Indonesia,walking,2020-04-14,33.3
Indonesia,driving,2020-04-15,42.33
Indonesia,walking,2020-04-15,33.34
Indonesia,driving,2020-04-16,41.52
Indonesia,walking,2020-04-16,33.65
Indonesia,driving,2020-04-17,42.84
Indonesia,walking,2020-04-17,32.29
Indonesia,driving,2020-04-18,45.05
Indonesia,walking,2020-04-18,34.45
Indonesia,driving,2020-04-19,42.91
Indonesia,walking,2020-04-19,32.54
Indonesia,driving,2020-04-20,43.57
Indonesia,walking,2020-04-20,32.83
Indonesia,driving,2020-04-21,43.07
Indonesia,walking,2020-04-21,32.51
Indonesia,driving,2020-04-22,43.8
Indonesia,walking,2020-04-22,33.64
Indonesia,driving,2020-04-23,38.26
Indonesia,walking,2020-04-23,28.66
Indonesia,driving,2020-04-24,36.46
Indonesia,walking,2020-04-24,29.41
Indonesia,driving,2020-04-25,37.51
Indonesia,walking,2020-04-25,29.9
Indonesia,driving,2020-04-26,39.16
Indonesia,walking,2020-04-26,30.85
Indonesia,driving,2020-04-27,37.98
Indonesia,walking,2020-04-27,28.65
Indonesia,driving,2020-04-28,37.93
Indonesia,walking,2020-04-28,29.38
Indonesia,driving,2020-04-29,39.8
Indonesia,walking,2020-04-29,32.21
Indonesia,driving,2020-04-30,40.88
Indonesia,walking,2020-04-30,31.92
Indonesia,driving,2020-05-01,42.83
Indonesia,walking,2020-05-01,33.96
Indonesia,driving,2020-05-02,42.85
Indonesia,walking,2020-05-02,34.21
Indonesia,driving,2020-05-03,43.29
Indonesia,walking,2020-05-03,34.31
Indonesia,driving,2020-05-04,41.79
Indonesia,walking,2020-05-04,34.87
Indonesia,driving,2020-05-05,42.63
Indonesia,walking,2020-05-05,33.61
Indonesia,driving,2020-05-06,42.8
Indonesia,walking,2020-05-06,34.39
Indonesia,driving,2020-05-07,42.04
Indonesia,walking,2020-05-07,35.5
Indonesia,driving,2020-05-08,43.68
Indonesia,walking,2020-05-08,33.86
Indonesia,driving,2020-05-09,45.72
Indonesia,walking,2020-05-09,34.98
Indonesia,driving,2020-05-10,45.63
Indonesia,walking,2020-05-10,35.03
Indonesia,driving,2020-05-13,47.63
Indonesia,walking,2020-05-13,37.15
Indonesia,driving,2020-05-14,47.25
Indonesia,walking,2020-05-14,36.89
Indonesia,driving,2020-05-15,51.67
Indonesia,walking,2020-05-15,40.97
Indonesia,driving,2020-05-16,54.36
Indonesia,walking,2020-05-16,42.95
Indonesia,driving,2020-05-17,52.5
Indonesia,walking,2020-05-17,41.32
Indonesia,driving,2020-05-18,50.21
Indonesia,walking,2020-05-18,40.52
Indonesia,driving,2020-05-19,55.13
Indonesia,walking,2020-05-19,45.1
Indonesia,driving,2020-05-20,57.76
Indonesia,walking,2020-05-20,45.22
Indonesia,driving,2020-05-21,61.52
Indonesia,walking,2020-05-21,48.66
Indonesia,driving,2020-05-22,60.01
Indonesia,walking,2020-05-22,50.35
Indonesia,driving,2020-05-23,57.34
Indonesia,walking,2020-05-23,43.87
Indonesia,driving,2020-05-24,53.29
Indonesia,walking,2020-05-24,37.43
Indonesia,driving,2020-05-25,61.21
Indonesia,walking,2020-05-25,44.98
Indonesia,driving,2020-05-26,60.7
Indonesia,walking,2020-05-26,43.3
Indonesia,driving,2020-05-27,58.91
Indonesia,walking,2020-05-27,44.39
Indonesia,driving,2020-05-28,57.42
Indonesia,walking,2020-05-28,43.77
Indonesia,driving,2020-05-29,66.81
Indonesia,walking,2020-05-29,50.52
Indonesia,driving,2020-05-30,70.7
Indonesia,walking,2020-05-30,52.62
Indonesia,driving,2020-05-31,69.73
Indonesia,walking,2020-05-31,51.03
Indonesia,driving,2020-06-01,65.21
Indonesia,walking,2020-06-01,49.71
Indonesia,driving,2020-06-02,63.88
Indonesia,walking,2020-06-02,48.64
Indonesia,driving,2020-06-03,63.82
Indonesia,walking,2020-06-03,50.29
Indonesia,driving,2020-06-04,62.89
Indonesia,walking,2020-06-04,47.76
Indonesia,driving,2020-06-05,72.65
Indonesia,walking,2020-06-05,53.87
Indonesia,driving,2020-06-06,81.37
Indonesia,walking,2020-06-06,58.58
Indonesia,driving,2020-06-07,70.03
Indonesia,walking,2020-06-07,53.13
Indonesia,driving,2020-06-08,67.79
Indonesia,walking,2020-06-08,49.83
Indonesia,driving,2020-06-09,68.17
Indonesia,walking,2020-06-09,50.32
Indonesia,driving,2020-06-10,69.58
Indonesia,walking,2020-06-10,51.48
Indonesia,driving,2020-06-11,69.72
Indonesia,walking,2020-06-11,52.83
Indonesia,driving,2020-06-12,81.18
Indonesia,walking,2020-06-12,58.7
Indonesia,driving,2020-06-13,94.47
Indonesia,walking,2020-06-13,67.03
Indonesia,driving,2020-06-14,79.67
Indonesia,walking,2020-06-14,57.72
Indonesia,driving,2020-06-15,75.32
Indonesia,walking,2020-06-15,54.43
Indonesia,driving,2020-06-16,73.82
Indonesia,walking,2020-06-16,54.85
Indonesia,driving,2020-06-17,76.35
Indonesia,walking,2020-06-17,56.69
Indonesia,driving,2020-06-18,74.92
Indonesia,walking,2020-06-18,56.76
Indonesia,driving,2020-06-19,89.59
Indonesia,walking,2020-06-19,64.96
Indonesia,driving,2020-06-20,99.49
Indonesia,walking,2020-06-20,69.4
Indonesia,driving,2020-06-21,81.73
Indonesia,walking,2020-06-21,60.21
Indonesia,driving,2020-06-22,77.99
Indonesia,walking,2020-06-22,59.36
Indonesia,driving,2020-06-23,79.42
Indonesia,walking,2020-06-23,60.74
Indonesia,driving,2020-06-24,81.15
Indonesia,walking,2020-06-24,60.88
Indonesia,driving,2020-06-25,79.91
Indonesia,walking,2020-06-25,59.31
Indonesia,driving,2020-06-26,95.96
Indonesia,walking,2020-06-26,67.26
Indonesia,driving,2020-06-27,109.24
Indonesia,walking,2020-06-27,76.49
Indonesia,driving,2020-06-28,90.2
Indonesia,walking,2020-06-28,64.97
Indonesia,driving,2020-06-29,83.7
Indonesia,walking,2020-06-29,60.64
Indonesia,driving,2020-06-30,83.89
Indonesia,walking,2020-06-30,59.78
Indonesia,driving,2020-07-01,85.88
Indonesia,walking,2020-07-01,62.75
Indonesia,driving,2020-07-02,84.23
Indonesia,walking,2020-07-02,61.03
Indonesia,driving,2020-07-03,107.08
Indonesia,walking,2020-07-03,74.13
Indonesia,driving,2020-07-04,122.48
Indonesia,walking,2020-07-04,83.52
Indonesia,driving,2020-07-05,100.24
Indonesia,walking,2020-07-05,69.88
Indonesia,driving,2020-07-06,91.52
Indonesia,walking,2020-07-06,66.04
Indonesia,driving,2020-07-07,91.22
Indonesia,walking,2020-07-07,64.73
Indonesia,driving,2020-07-08,91.66
Indonesia,walking,2020-07-08,65.06
Indonesia,driving,2020-07-09,90.96
Indonesia,walking,2020-07-09,65.51
Indonesia,driving,2020-07-10,114.76
Indonesia,walking,2020-07-10,78.08
Indonesia,driving,2020-07-11,121.91
Indonesia,walking,2020-07-11,84.25
Indonesia,driving,2020-07-12,95.01
Indonesia,walking,2020-07-12,65.83
Indonesia,driving,2020-07-13,86.62
Indonesia,walking,2020-07-13,62.13
Indonesia,driving,2020-07-14,88.29
Indonesia,walking,2020-07-14,63.25
Indonesia,driving,2020-07-15,88.6
Indonesia,walking,2020-07-15,63.01
Indonesia,driving,2020-07-16,85.19
Indonesia,walking,2020-07-16,61.07
Indonesia,driving,2020-07-17,107.8
Indonesia,walking,2020-07-17,73.93
Indonesia,driving,2020-07-18,127.17
Indonesia,walking,2020-07-18,85.98
Indonesia,driving,2020-07-19,97.13
Indonesia,walking,2020-07-19,67.83
Indonesia,driving,2020-07-20,87.86
Indonesia,walking,2020-07-20,64.03
Indonesia,driving,2020-07-21,86.14
Indonesia,walking,2020-07-21,62.64
Indonesia,driving,2020-07-22,86.81
Indonesia,walking,2020-07-22,59.93
Indonesia,driving,2020-07-23,86.18
Indonesia,walking,2020-07-23,63.53
Indonesia,driving,2020-07-24,107.33
Indonesia,walking,2020-07-24,70.94
Indonesia,driving,2020-07-25,117.71
Indonesia,walking,2020-07-25,80.95
Indonesia,driving,2020-07-26,93.5
Indonesia,walking,2020-07-26,64.99
Indonesia,driving,2020-07-27,86.35
Indonesia,walking,2020-07-27,60.19
Indonesia,driving,2020-07-28,88.31
Indonesia,walking,2020-07-28,60.94
Indonesia,driving,2020-07-29,88.44
Indonesia,walking,2020-07-29,61.32
Indonesia,driving,2020-07-30,99.62
Indonesia,walking,2020-07-30,63.5
Indonesia,driving,2020-07-31,104.82
Indonesia,walking,2020-07-31,66.31
Indonesia,driving,2020-08-01,127.29
Indonesia,walking,2020-08-01,80.21
Indonesia,driving,2020-08-02,108.23
Indonesia,walking,2020-08-02,68.4
Indonesia,driving,2020-08-03,93.44
Indonesia,walking,2020-08-03,65.2
Indonesia,driving,2020-08-04,93.0
Indonesia,walking,2020-08-04,64.56
Indonesia,driving,2020-08-05,95.09
Indonesia,walking,2020-08-05,67.4
Indonesia,driving,2020-08-06,94.81
Indonesia,walking,2020-08-06,64.77
Indonesia,driving,2020-08-07,120.02
Indonesia,walking,2020-08-07,78.49
Indonesia,driving,2020-08-08,132.71
Indonesia,walking,2020-08-08,87.13
Indonesia,driving,2020-08-09,101.11
Indonesia,walking,2020-08-09,68.27
Indonesia,driving,2020-08-10,92.9
Indonesia,walking,2020-08-10,63.41
Indonesia,driving,2020-08-11,86.91
Indonesia,walking,2020-08-11,60.94
Indonesia,driving,2020-08-12,90.39
Indonesia,walking,2020-08-12,63.38
Indonesia,driving,2020-08-13,91.1
Indonesia,walking,2020-08-13,61.37
Indonesia,driving,2020-08-14,119.9
Indonesia,walking,2020-08-14,77.78
Indonesia,driving,2020-08-15,141.39
Indonesia,walking,2020-08-15,89.16
Indonesia,driving,2020-08-16,117.96
Indonesia,walking,2020-08-16,75.47
Indonesia,driving,2020-08-17,100.08
Indonesia,walking,2020-08-17,64.94
Indonesia,driving,2020-08-18,91.41
Indonesia,walking,2020-08-18,64.2
Indonesia,driving,2020-08-19,110.03
Indonesia,walking,2020-08-19,70.41
Indonesia,driving,2020-08-20,107.43
Indonesia,walking,2020-08-20,68.26
Indonesia,driving,2020-08-21,114.79
Indonesia,walking,2020-08-21,74.25
Indonesia,driving,2020-08-22,121.98
Indonesia,walking,2020-08-22,78.48
Indonesia,driving,2020-08-23,94.65
Indonesia,walking,2020-08-23,64.71
Indonesia,driving,2020-08-24,86.3
Indonesia,walking,2020-08-24,59.6
Indonesia,driving,2020-08-25,87.65
Indonesia,walking,2020-08-25,61.62
Indonesia,driving,2020-08-26,88.29
Indonesia,walking,2020-08-26,59.16
Indonesia,driving,2020-08-27,87.78
Indonesia,walking,2020-08-27,62.5
Indonesia,driving,2020-08-28,111.67
Indonesia,walking,2020-08-28,74.54
Indonesia,driving,2020-08-29,128.15
Indonesia,walking,2020-08-29,86.07
Indonesia,driving,2020-08-30,98.58
Indonesia,walking,2020-08-30,66.17
Indonesia,driving,2020-08-31,87.53
Indonesia,walking,2020-08-31,63.85
Indonesia,driving,2020-09-01,87.6
Indonesia,walking,2020-09-01,62.88
Indonesia,driving,2020-09-02,87.84
Indonesia,walking,2020-09-02,62.38
Indonesia,driving,2020-09-03,89.11
Indonesia,walking,2020-09-03,63.38
Indonesia,driving,2020-09-04,112.85
Indonesia,walking,2020-09-04,75.21
Indonesia,driving,2020-09-05,130.29
Indonesia,walking,2020-09-05,87.76
Indonesia,driving,2020-09-06,100.32
Indonesia,walking,2020-09-06,67.22
Indonesia,driving,2020-09-07,89.25
Indonesia,walking,2020-09-07,63.15
Indonesia,driving,2020-09-08,87.25
Indonesia,walking,2020-09-08,62.06
Indonesia,driving,2020-09-09,84.5
Indonesia,walking,2020-09-09,60.29
Indonesia,driving,2020-09-10,83.53
Indonesia,walking,2020-09-10,58.13
Indonesia,driving,2020-09-11,106.6
Indonesia,walking,2020-09-11,71.22
Indonesia,driving,2020-09-12,120.0
Indonesia,walking,2020-09-12,82.38
Indonesia,driving,2020-09-13,88.25
Indonesia,walking,2020-09-13,60.76
Indonesia,driving,2020-09-14,77.19
Indonesia,walking,2020-09-14,55.12
Indonesia,driving,2020-09-15,76.1
Indonesia,walking,2020-09-15,53.82
Indonesia,driving,2020-09-16,84.49
Indonesia,walking,2020-09-16,61.7
Indonesia,driving,2020-09-17,94.51
Indonesia,walking,2020-09-17,73.99
Indonesia,driving,2020-09-18,104.23
Indonesia,walking,2020-09-18,75.75
Indonesia,driving,2020-09-19,112.88
Indonesia,walking,2020-09-19,82.45
Indonesia,driving,2020-09-20,90.58
Indonesia,walking,2020-09-20,66.13
Indonesia,driving,2020-09-21,79.04
Indonesia,walking,2020-09-21,60.41
Indonesia,driving,2020-09-22,78.84
Indonesia,walking,2020-09-22,60.43
Indonesia,driving,2020-09-23,79.86
Indonesia,walking,2020-09-23,60.63
Indonesia,driving,2020-09-24,78.82
Indonesia,walking,2020-09-24,59.03
Indonesia,driving,2020-09-25,95.71
Indonesia,walking,2020-09-25,67.72
Indonesia,driving,2020-09-26,112.25
Indonesia,walking,2020-09-26,76.72
Indonesia,driving,2020-09-27,86.97
Indonesia,walking,2020-09-27,63.16
Indonesia,driving,2020-09-28,78.72
Indonesia,walking,2020-09-28,59.82
Indonesia,driving,2020-09-29,78.62
Indonesia,walking,2020-09-29,59.15
Indonesia,driving,2020-09-30,79.67
Indonesia,walking,2020-09-30,58.64
Indonesia,driving,2020-10-01,81.79
Indonesia,walking,2020-10-01,59.15
Indonesia,driving,2020-10-02,102.02
Indonesia,walking,2020-10-02,71.71
Indonesia,driving,2020-10-03,118.06
Indonesia,walking,2020-10-03,83.04
Indonesia,driving,2020-10-04,89.8
Indonesia,walking,2020-10-04,63.8
Indonesia,driving,2020-10-05,80.2
Indonesia,walking,2020-10-05,61.54
Indonesia,driving,2020-10-06,79.31
Indonesia,walking,2020-10-06,58.96
Indonesia,driving,2020-10-07,85.27
Indonesia,walking,2020-10-07,62.09
Indonesia,driving,2020-10-08,83.64
Indonesia,walking,2020-10-08,62.09
Indonesia,driving,2020-10-09,100.89
Indonesia,walking,2020-10-09,69.95
Indonesia,driving,2020-10-10,114.75
Indonesia,walking,2020-10-10,78.66
Indonesia,driving,2020-10-11,90.13
Indonesia,walking,2020-10-11,63.57
Indonesia,driving,2020-10-12,80.75
Indonesia,walking,2020-10-12,59.76
Indonesia,driving,2020-10-13,79.7
Indonesia,walking,2020-10-13,58.1
Indonesia,driving,2020-10-14,80.75
Indonesia,walking,2020-10-14,59.78
Indonesia,driving,2020-10-15,82.66
Indonesia,walking,2020-10-15,60.83
Indonesia,driving,2020-10-16,101.86
Indonesia,walking,2020-10-16,69.65
Indonesia,driving,2020-10-17,121.32
Indonesia,walking,2020-10-17,82.62
Indonesia,driving,2020-10-18,89.61
Indonesia,walking,2020-10-18,62.59
Indonesia,driving,2020-10-19,79.4
Indonesia,walking,2020-10-19,56.5
Indonesia,driving,2020-10-20,80.11
Indonesia,walking,2020-10-20,58.36
Indonesia,driving,2020-10-21,79.96
Indonesia,walking,2020-10-21,55.37
Indonesia,driving,2020-10-22,84.48
Indonesia,walking,2020-10-22,60.73
Indonesia,driving,2020-10-23,104.8
Indonesia,walking,2020-10-23,73.35
Indonesia,driving,2020-10-24,119.26
Indonesia,walking,2020-10-24,81.56
Indonesia,driving,2020-10-25,90.45
Indonesia,walking,2020-10-25,61.84
Indonesia,driving,2020-10-26,83.9
Indonesia,walking,2020-10-26,58.66
Indonesia,driving,2020-10-27,101.39
Indonesia,walking,2020-10-27,66.1
Indonesia,driving,2020-10-28,125.47
Indonesia,walking,2020-10-28,79.33
Indonesia,driving,2020-10-29,117.39
Indonesia,walking,2020-10-29,79.24
Indonesia,driving,2020-10-30,123.41
Indonesia,walking,2020-10-30,80.37
Indonesia,driving,2020-10-31,128.29
Indonesia,walking,2020-10-31,82.45
Indonesia,driving,2020-11-01,97.55
Indonesia,walking,2020-11-01,69.61
Indonesia,driving,2020-11-02,85.11
Indonesia,walking,2020-11-02,62.82
Indonesia,driving,2020-11-03,86.83
Indonesia,walking,2020-11-03,64.11
Indonesia,driving,2020-11-04,87.19
Indonesia,walking,2020-11-04,62.76
Indonesia,driving,2020-11-05,88.64
Indonesia,walking,2020-11-05,64.5
Indonesia,driving,2020-11-06,110.08
Indonesia,walking,2020-11-06,76.42
Indonesia,driving,2020-11-07,127.01
Indonesia,walking,2020-11-07,88.18
Indonesia,driving,2020-11-08,95.42
Indonesia,walking,2020-11-08,64.52
Indonesia,driving,2020-11-09,85.7
Indonesia,walking,2020-11-09,64.58
Indonesia,driving,2020-11-10,85.01
Indonesia,walking,2020-11-10,60.24
Indonesia,driving,2020-11-11,84.16
Indonesia,walking,2020-11-11,63.21
Indonesia,driving,2020-11-12,85.83
Indonesia,walking,2020-11-12,63.49
Indonesia,driving,2020-11-13,110.22
Indonesia,walking,2020-11-13,75.05
Indonesia,driving,2020-11-14,125.66
Indonesia,walking,2020-11-14,85.58
Indonesia,driving,2020-11-15,92.98
Indonesia,walking,2020-11-15,65.32
Indonesia,driving,2020-11-16,84.48
Indonesia,walking,2020-11-16,62.31
Indonesia,driving,2020-11-17,85.72
Indonesia,walking,2020-11-17,61.07
Indonesia,driving,2020-11-18,86.59
Indonesia,walking,2020-11-18,63.43
Indonesia,driving,2020-11-19,85.96
Indonesia,walking,2020-11-19,61.86
Indonesia,driving,2020-11-20,108.35
Indonesia,walking,2020-11-20,75.22
Indonesia,driving,2020-11-21,121.25
Indonesia,walking,2020-11-21,83.15
Indonesia,driving,2020-11-22,90.74
Indonesia,walking,2020-11-22,62.15
Indonesia,driving,2020-11-23,82.08
Indonesia,walking,2020-11-23,60.12
Indonesia,driving,2020-11-24,81.59
Indonesia,walking,2020-11-24,58.26
Indonesia,driving,2020-11-25,86.42
Indonesia,walking,2020-11-25,61.96
Indonesia,driving,2020-11-26,88.06
Indonesia,walking,2020-11-26,63.41
Indonesia,driving,2020-11-27,109.23
Indonesia,walking,2020-11-27,75.75
Indonesia,driving,2020-11-28,123.6
Indonesia,walking,2020-11-28,84.58
Indonesia,driving,2020-11-29,90.08
Indonesia,walking,2020-11-29,64.94
Indonesia,driving,2020-11-30,81.38
Indonesia,walking,2020-11-30,59.02
Indonesia,driving,2020-12-01,84.23
Indonesia,walking,2020-12-01,64.82
Indonesia,driving,2020-12-02,84.94
Indonesia,walking,2020-12-02,63.06
Indonesia,driving,2020-12-03,85.35
Indonesia,walking,2020-12-03,63.85
Indonesia,driving,2020-12-04,107.3
Indonesia,walking,2020-12-04,74.53
Indonesia,driving,2020-12-05,118.56
Indonesia,walking,2020-12-05,84.78
Indonesia,driving,2020-12-06,89.9
Indonesia,walking,2020-12-06,65.7
Indonesia,driving,2020-12-07,82.01
Indonesia,walking,2020-12-07,60.72
Indonesia,driving,2020-12-08,87.22
Indonesia,walking,2020-12-08,65.95
Indonesia,driving,2020-12-09,84.72
Indonesia,walking,2020-12-09,61.44
Indonesia,driving,2020-12-10,86.03
Indonesia,walking,2020-12-10,61.62
Indonesia,driving,2020-12-11,105.55
Indonesia,walking,2020-12-11,73.62
Indonesia,driving,2020-12-12,118.99
Indonesia,walking,2020-12-12,83.11
Indonesia,driving,2020-12-13,92.25
Indonesia,walking,2020-12-13,65.63
Indonesia,driving,2020-12-14,93.05
Indonesia,walking,2020-12-14,69.1
Indonesia,driving,2020-12-15,86.38
Indonesia,walking,2020-12-15,63.84
Indonesia,driving,2020-12-16,88.58
Indonesia,walking,2020-12-16,62.43
Indonesia,driving,2020-12-17,88.91
Indonesia,walking,2020-12-17,63.9
Indonesia,driving,2020-12-18,110.96
Indonesia,walking,2020-12-18,76.79
Indonesia,driving,2020-12-19,126.81
Indonesia,walking,2020-12-19,89.15
Indonesia,driving,2020-12-20,100.23
Indonesia,walking,2020-12-20,71.99
Indonesia,driving,2020-12-21,93.44
Indonesia,walking,2020-12-21,66.14
Indonesia,driving,2020-12-22,97.2
Indonesia,walking,2020-12-22,69.04
Indonesia,driving,2020-12-23,113.99
Indonesia,walking,2020-12-23,77.63
Indonesia,driving,2020-12-24,114.53
Indonesia,walking,2020-12-24,77.36
Indonesia,driving,2020-12-25,123.59
Indonesia,walking,2020-12-25,82.64
Indonesia,driving,2020-12-26,131.95
Indonesia,walking,2020-12-26,89.83
Indonesia,driving,2020-12-27,109.7
Indonesia,walking,2020-12-27,74.46
Indonesia,driving,2020-12-28,101.92
Indonesia,walking,2020-12-28,73.01
Indonesia,driving,2020-12-29,103.87
Indonesia,walking,2020-12-29,70.41
Indonesia,driving,2020-12-30,114.05
Indonesia,walking,2020-12-30,79.35
Indonesia,driving,2020-12-31,124.46
Indonesia,walking,2020-12-31,80.54
Indonesia,driving,2021-01-01,116.57
Indonesia,walking,2021-01-01,76.18
Indonesia,driving,2021-01-02,123.84
Indonesia,walking,2021-01-02,84.6
Indonesia,driving,2021-01-03,98.59
Indonesia,walking,2021-01-03,69.81
Indonesia,driving,2021-01-04,88.34
Indonesia,walking,2021-01-04,64.46
Indonesia,driving,2021-01-05,88.1
Indonesia,walking,2021-01-05,64.43
Indonesia,driving,2021-01-06,84.72
Indonesia,walking,2021-01-06,60.93
Indonesia,driving,2021-01-07,84.86
Indonesia,walking,2021-01-07,61.78
Indonesia,driving,2021-01-08,102.44
Indonesia,walking,2021-01-08,72.53
Indonesia,driving,2021-01-09,114.66
Indonesia,walking,2021-01-09,79.2
Indonesia,driving,2021-01-10,89.76
Indonesia,walking,2021-01-10,67.72
Indonesia,driving,2021-01-11,77.84
Indonesia,walking,2021-01-11,60.35
Indonesia,driving,2021-01-12,77.12
Indonesia,walking,2021-01-12,60.37
Indonesia,driving,2021-01-13,78.92
Indonesia,walking,2021-01-13,61.19
Indonesia,driving,2021-01-14,77.57
Indonesia,walking,2021-01-14,60.64
Indonesia,driving,2021-01-15,90.46
Indonesia,walking,2021-01-15,67.97
Indonesia,driving,2021-01-16,105.84
Indonesia,walking,2021-01-16,77.36
Indonesia,driving,2021-01-17,84.01
Indonesia,walking,2021-01-17,62.77
Indonesia,driving,2021-01-18,76.15
Indonesia,walking,2021-01-18,58.36
Indonesia,driving,2021-01-19,91.24
Indonesia,walking,2021-01-19,64.38
Indonesia,driving,2021-01-20,85.82
Indonesia,walking,2021-01-20,61.65
Indonesia,driving,2021-01-21,75.61
Indonesia,walking,2021-01-21,57.46
Indonesia,driving,2021-01-22,89.93
Indonesia,walking,2021-01-22,66.0
Indonesia,driving,2021-01-23,102.77
Indonesia,walking,2021-01-23,74.45
Indonesia,driving,2021-01-24,80.9
Indonesia,walking,2021-01-24,59.82
Indonesia,driving,2021-01-25,75.28
Indonesia,walking,2021-01-25,58.09
Indonesia,driving,2021-01-26,76.55
Indonesia,walking,2021-01-26,59.43
Indonesia,driving,2021-01-27,78.44
Indonesia,walking,2021-01-27,59.87
Indonesia,driving,2021-01-28,78.52
Indonesia,walking,2021-01-28,60.6
Indonesia,driving,2021-01-29,92.56
Indonesia,walking,2021-01-29,67.21
Indonesia,driving,2021-01-30,106.42
Indonesia,walking,2021-01-30,79.58
Indonesia,driving,2021-01-31,86.97
Indonesia,walking,2021-01-31,65.68
Indonesia,driving,2021-02-01,79.21
Indonesia,walking,2021-02-01,61.74
Indonesia,driving,2021-02-02,79.84
Indonesia,walking,2021-02-02,60.5
Indonesia,driving,2021-02-03,80.01
Indonesia,walking,2021-02-03,58.79
Indonesia,driving,2021-02-04,80.3
Indonesia,walking,2021-02-04,58.47
Indonesia,driving,2021-02-05,99.17
Indonesia,walking,2021-02-05,75.88
Indonesia,driving,2021-02-06,112.28
Indonesia,walking,2021-02-06,83.22
Indonesia,driving,2021-02-07,88.29
Indonesia,walking,2021-02-07,66.01
Indonesia,driving,2021-02-08,81.31
Indonesia,walking,2021-02-08,61.84
Indonesia,driving,2021-02-09,83.45
Indonesia,walking,2021-02-09,65.52
Indonesia,driving,2021-02-10,88.9
Indonesia,walking,2021-02-10,67.98
Indonesia,driving,2021-02-11,101.25
Indonesia,walking,2021-02-11,72.17
Indonesia,driving,2021-02-12,110.67
Indonesia,walking,2021-02-12,80.81
Indonesia,driving,2021-02-13,120.67
Indonesia,walking,2021-02-13,84.71
Indonesia,driving,2021-02-14,95.88
Indonesia,walking,2021-02-14,69.37
Indonesia,driving,2021-02-15,85.28
Indonesia,walking,2021-02-15,63.68
Indonesia,driving,2021-02-16,84.85
Indonesia,walking,2021-02-16,65.08
Indonesia,driving,2021-02-17,83.79
Indonesia,walking,2021-02-17,62.26
Indonesia,driving,2021-02-18,81.9
Indonesia,walking,2021-02-18,59.63
Indonesia,driving,2021-02-19,101.9
Indonesia,walking,2021-02-19,72.85
Indonesia,driving,2021-02-20,114.36
Indonesia,walking,2021-02-20,80.97
Indonesia,driving,2021-02-21,90.87
Indonesia,walking,2021-02-21,70.19
Indonesia,driving,2021-02-22,81.07
Indonesia,walking,2021-02-22,61.0
Indonesia,driving,2021-02-23,81.83
Indonesia,walking,2021-02-23,61.88
Indonesia,driving,2021-02-24,82.41
Indonesia,walking,2021-02-24,60.94
Indonesia,driving,2021-02-25,85.55
Indonesia,walking,2021-02-25,63.52
Indonesia,driving,2021-02-26,107.17
Indonesia,walking,2021-02-26,76.25
Indonesia,driving,2021-02-27,124.96
Indonesia,walking,2021-02-27,90.29
Indonesia,driving,2021-02-28,95.47
Indonesia,walking,2021-02-28,70.87
Indonesia,driving,2021-03-01,86.82
Indonesia,walking,2021-03-01,65.16
Indonesia,driving,2021-03-02,86.56
Indonesia,walking,2021-03-02,66.09
Indonesia,driving,2021-03-03,87.35
Indonesia,walking,2021-03-03,69.85
Indonesia,driving,2021-03-04,88.65
Indonesia,walking,2021-03-04,66.46
Indonesia,driving,2021-03-05,113.09
Indonesia,walking,2021-03-05,80.87
Indonesia,driving,2021-03-06,130.81
Indonesia,walking,2021-03-06,93.1
Indonesia,driving,2021-03-07,96.37
Indonesia,walking,2021-03-07,70.65
Indonesia,driving,2021-03-08,87.2
Indonesia,walking,2021-03-08,67.73
Indonesia,driving,2021-03-09,88.74
Indonesia,walking,2021-03-09,66.14
Indonesia,driving,2021-03-10,109.61
Indonesia,walking,2021-03-10,79.3
Indonesia,driving,2021-03-11,102.11
Indonesia,walking,2021-03-11,78.16
Indonesia,driving,2021-03-13,125.09
Indonesia,walking,2021-03-13,91.78
Indonesia,driving,2021-03-14,96.16
Indonesia,walking,2021-03-14,73.82
Indonesia,driving,2021-03-15,87.6
Indonesia,walking,2021-03-15,68.09
Indonesia,driving,2021-03-16,87.9
Indonesia,walking,2021-03-16,70.16
Indonesia,driving,2021-03-17,88.14
Indonesia,walking,2021-03-17,67.0
Indonesia,driving,2021-03-18,87.46
Indonesia,walking,2021-03-18,63.38
Indonesia,driving,2021-03-19,112.31
Indonesia,walking,2021-03-19,82.01
Indonesia,driving,2021-03-20,130.07
Indonesia,walking,2021-03-20,91.05
Indonesia,driving,2021-03-21,98.48
Indonesia,walking,2021-03-21,71.97
Indonesia,driving,2021-03-22,86.13
Indonesia,walking,2021-03-22,65.46
Indonesia,driving,2021-03-23,87.1
Indonesia,walking,2021-03-23,66.61
Indonesia,driving,2021-03-24,88.72
Indonesia,walking,2021-03-24,66.29
Indonesia,driving,2021-03-25,94.41
Indonesia,walking,2021-03-25,71.07
Indonesia,driving,2021-03-26,120.0
Indonesia,walking,2021-03-26,86.97
Indonesia,driving,2021-03-27,134.75
Indonesia,walking,2021-03-27,96.51
Indonesia,driving,2021-03-28,101.14
Indonesia,walking,2021-03-28,74.15
Indonesia,driving,2021-03-29,90.48
Indonesia,walking,2021-03-29,69.39
Indonesia,driving,2021-03-30,92.56
Indonesia,walking,2021-03-30,69.12
Indonesia,driving,2021-03-31,96.54
Indonesia,walking,2021-03-31,70.17
Indonesia,driving,2021-04-01,124.31
Indonesia,walking,2021-04-01,87.03
Indonesia,driving,2021-04-02,140.02
Indonesia,walking,2021-04-02,97.68
Indonesia,driving,2021-04-03,148.42
Indonesia,walking,2021-04-03,105.97
Indonesia,driving,2021-04-04,112.32
Indonesia,walking,2021-04-04,79.26
Indonesia,driving,2021-04-05,97.16
Indonesia,walking,2021-04-05,73.41
Indonesia,driving,2021-04-06,98.93
Indonesia,walking,2021-04-06,73.16
Indonesia,driving,2021-04-07,101.53
Indonesia,walking,2021-04-07,73.79
Indonesia,driving,2021-04-08,106.35
Indonesia,walking,2021-04-08,77.38
Indonesia,driving,2021-04-09,133.33
Indonesia,walking,2021-04-09,93.45
Indonesia,driving,2021-04-10,150.59
Indonesia,walking,2021-04-10,106.47
Indonesia,driving,2021-04-11,116.75
Indonesia,walking,2021-04-11,81.56
Indonesia,driving,2021-04-12,84.53
Indonesia,walking,2021-04-12,61.31
Indonesia,driving,2021-04-13,73.32
Indonesia,walking,2021-04-13,57.26
Indonesia,driving,2021-04-14,79.38
Indonesia,walking,2021-04-14,60.48
Indonesia,driving,2021-04-15,83.05
Indonesia,walking,2021-04-15,64.34
Indonesia,driving,2021-04-16,93.13
Indonesia,walking,2021-04-16,67.94
Indonesia,driving,2021-04-17,101.02
Indonesia,walking,2021-04-17,76.26
Indonesia,driving,2021-04-18,91.13
Indonesia,walking,2021-04-18,68.45
Indonesia,driving,2021-04-19,82.93
Indonesia,walking,2021-04-19,64.02
Indonesia,driving,2021-04-20,82.47
Indonesia,walking,2021-04-20,62.34
Indonesia,driving,2021-04-21,82.71
Indonesia,walking,2021-04-21,64.23
Indonesia,driving,2021-04-22,83.35
Indonesia,walking,2021-04-22,63.45
Indonesia,driving,2021-04-23,93.19
Indonesia,walking,2021-04-23,71.7
Indonesia,driving,2021-04-24,110.85
Indonesia,walking,2021-04-24,83.44
Indonesia,driving,2021-04-25,95.31
Indonesia,walking,2021-04-25,71.82
Indonesia,driving,2021-04-26,86.33
Indonesia,walking,2021-04-26,64.33
Indonesia,driving,2021-04-27,86.61
Indonesia,walking,2021-04-27,67.91
Indonesia,driving,2021-04-28,88.35
Indonesia,walking,2021-04-28,67.05
Indonesia,driving,2021-04-29,91.88
Indonesia,walking,2021-04-29,71.6
Indonesia,driving,2021-04-30,114.27
Indonesia,walking,2021-04-30,84.79
Indonesia,driving,2021-05-01,127.0
Indonesia,walking,2021-05-01,96.44
Indonesia,driving,2021-05-02,106.45
Indonesia,walking,2021-05-02,79.62
Indonesia,driving,2021-05-03,96.79
Indonesia,walking,2021-05-03,76.12
Indonesia,driving,2021-05-04,98.18
Indonesia,walking,2021-05-04,75.29
Indonesia,driving,2021-05-05,90.69
Indonesia,walking,2021-05-05,70.48
Indonesia,driving,2021-05-06,85.58
Indonesia,walking,2021-05-06,73.15
Indonesia,driving,2021-05-07,98.7
Indonesia,walking,2021-05-07,81.09
Indonesia,driving,2021-05-08,106.34
Indonesia,walking,2021-05-08,86.6
Indonesia,driving,2021-05-09,97.51
Indonesia,walking,2021-05-09,82.81
Indonesia,driving,2021-05-10,92.99
Indonesia,walking,2021-05-10,78.41
Indonesia,driving,2021-05-11,97.41
Indonesia,walking,2021-05-11,80.61
Indonesia,driving,2021-05-12,98.21
Indonesia,walking,2021-05-12,78.5
Indonesia,driving,2021-05-13,97.4
Indonesia,walking,2021-05-13,67.78
Indonesia,driving,2021-05-14,136.13
Indonesia,walking,2021-05-14,96.01
Indonesia,driving,2021-05-15,144.35
Indonesia,walking,2021-05-15,99.74
Indonesia,driving,2021-05-16,118.9
Indonesia,walking,2021-05-16,88.78
Indonesia,driving,2021-05-17,110.77
Indonesia,walking,2021-05-17,80.92
Indonesia,driving,2021-05-18,111.97
Indonesia,walking,2021-05-18,79.64
Indonesia,driving,2021-05-19,112.97
Indonesia,walking,2021-05-19,80.97
Indonesia,driving,2021-05-20,109.78
Indonesia,walking,2021-05-20,80.53
Indonesia,driving,2021-05-21,130.58
Indonesia,walking,2021-05-21,90.54
Indonesia,driving,2021-05-22,150.68
Indonesia,walking,2021-05-22,105.58
Indonesia,driving,2021-05-23,118.87
Indonesia,walking,2021-05-23,86.67
Indonesia,driving,2021-05-24,106.33
Indonesia,walking,2021-05-24,78.2
Indonesia,driving,2021-05-25,127.39
Indonesia,walking,2021-05-25,91.67
Indonesia,driving,2021-05-26,117.66
Indonesia,walking,2021-05-26,86.63
Indonesia,driving,2021-05-27,107.15
Indonesia,walking,2021-05-27,78.48
Indonesia,driving,2021-05-28,134.88
Indonesia,walking,2021-05-28,95.8
Indonesia,driving,2021-05-29,153.31
Indonesia,walking,2021-05-29,104.31
Indonesia,driving,2021-05-30,124.62
Indonesia,walking,2021-05-30,91.36
Indonesia,driving,2021-05-31,126.12
Indonesia,walking,2021-05-31,92.08
Indonesia,driving,2021-06-01,117.23
Indonesia,walking,2021-06-01,86.35
Indonesia,driving,2021-06-02,109.2
Indonesia,walking,2021-06-02,81.08
Indonesia,driving,2021-06-03,109.1
Indonesia,walking,2021-06-03,80.09
Indonesia,driving,2021-06-04,135.25
Indonesia,walking,2021-06-04,95.54
Indonesia,driving,2021-06-05,161.01
Indonesia,walking,2021-06-05,116.4
Indonesia,driving,2021-06-06,119.77
Indonesia,walking,2021-06-06,87.9
Indonesia,driving,2021-06-07,103.97
Indonesia,walking,2021-06-07,78.34
Indonesia,driving,2021-06-08,106.01
Indonesia,walking,2021-06-08,81.14
Indonesia,driving,2021-06-09,107.25
Indonesia,walking,2021-06-09,81.52
Indonesia,driving,2021-06-10,106.7
Indonesia,walking,2021-06-10,80.11
Indonesia,driving,2021-06-11,132.52
Indonesia,walking,2021-06-11,97.45
Indonesia,driving,2021-06-12,153.36
Indonesia,walking,2021-06-12,113.21
Indonesia,driving,2021-06-13,119.36
Indonesia,walking,2021-06-13,89.25
Indonesia,driving,2021-06-14,105.51
Indonesia,walking,2021-06-14,80.76
Indonesia,driving,2021-06-15,105.21
Indonesia,walking,2021-06-15,77.79
Indonesia,driving,2021-06-16,102.06
Indonesia,walking,2021-06-16,78.36
Indonesia,driving,2021-06-17,101.17
Indonesia,walking,2021-06-17,80.04
Indonesia,driving,2021-06-18,116.04
Indonesia,walking,2021-06-18,83.53
Indonesia,driving,2021-06-19,128.27
Indonesia,walking,2021-06-19,95.88
Indonesia,driving,2021-06-20,104.56
Indonesia,walking,2021-06-20,79.45
Indonesia,driving,2021-06-21,94.49
Indonesia,walking,2021-06-21,75.28
Indonesia,driving,2021-06-22,94.3
Indonesia,walking,2021-06-22,74.03
Indonesia,driving,2021-06-23,92.61
Indonesia,walking,2021-06-23,73.19
Indonesia,driving,2021-06-24,89.6
Indonesia,walking,2021-06-24,69.47
Indonesia,driving,2021-06-25,107.08
Indonesia,walking,2021-06-25,79.66
Indonesia,driving,2021-06-26,121.05
Indonesia,walking,2021-06-26,87.32
Indonesia,driving,2021-06-27,100.66
Indonesia,walking,2021-06-27,77.27
Indonesia,driving,2021-06-28,91.9
Indonesia,walking,2021-06-28,71.55
Indonesia,driving,2021-06-29,91.52
Indonesia,walking,2021-06-29,74.16
Indonesia,driving,2021-06-30,92.24
Indonesia,walking,2021-06-30,73.32
Indonesia,driving,2021-07-01,88.85
Indonesia,walking,2021-07-01,69.18
Indonesia,driving,2021-07-02,101.06
Indonesia,walking,2021-07-02,76.59
Indonesia,driving,2021-07-03,104.57
Indonesia,walking,2021-07-03,80.08
Indonesia,driving,2021-07-04,90.6
Indonesia,walking,2021-07-04,71.7
Indonesia,driving,2021-07-05,84.45
Indonesia,walking,2021-07-05,69.35
Indonesia,driving,2021-07-06,81.5
Indonesia,walking,2021-07-06,65.8
Indonesia,driving,2021-07-07,77.99
Indonesia,walking,2021-07-07,63.58
Indonesia,driving,2021-07-08,76.22
Indonesia,walking,2021-07-08,60.76
Indonesia,driving,2021-07-09,81.42
Indonesia,walking,2021-07-09,64.48
Indonesia,driving,2021-07-10,88.96
Indonesia,walking,2021-07-10,69.63
Indonesia,driving,2021-07-11,77.45
Indonesia,walking,2021-07-11,61.08
Indonesia,driving,2021-07-12,72.08
Indonesia,walking,2021-07-12,57.97
Indonesia,driving,2021-07-13,73.68
Indonesia,walking,2021-07-13,59.7
Indonesia,driving,2021-07-14,73.13
Indonesia,walking,2021-07-14,59.92
Indonesia,driving,2021-07-15,72.54
Indonesia,walking,2021-07-15,57.62
Indonesia,driving,2021-07-16,80.01
Indonesia,walking,2021-07-16,60.88
Indonesia,driving,2021-07-17,84.29
Indonesia,walking,2021-07-17,65.13
Indonesia,driving,2021-07-18,75.41
Indonesia,walking,2021-07-18,59.6
Indonesia,driving,2021-07-19,71.29
Indonesia,walking,2021-07-19,59.36
Indonesia,driving,2021-07-20,73.69
Indonesia,walking,2021-07-20,56.19
Indonesia,driving,2021-07-21,77.35
Indonesia,walking,2021-07-21,60.01
Indonesia,driving,2021-07-22,76.65
Indonesia,walking,2021-07-22,61.66
Indonesia,driving,2021-07-23,85.72
Indonesia,walking,2021-07-23,66.09
Indonesia,driving,2021-07-24,95.89
Indonesia,walking,2021-07-24,71.43
Indonesia,driving,2021-07-25,83.72
Indonesia,walking,2021-07-25,65.89
Indonesia,driving,2021-07-26,79.27
Indonesia,walking,2021-07-26,62.33
Indonesia,driving,2021-07-27,78.73
Indonesia,walking,2021-07-27,64.13
Indonesia,driving,2021-07-28,81.08
Indonesia,walking,2021-07-28,64.8
Indonesia,driving,2021-07-29,78.24
Indonesia,walking,2021-07-29,64.8
Indonesia,driving,2021-07-30,90.85
Indonesia,walking,2021-07-30,70.99
Indonesia,driving,2021-07-31,103.61
Indonesia,walking,2021-07-31,78.32
Indonesia,driving,2021-08-01,88.81
Indonesia,walking,2021-08-01,69.25
Indonesia,driving,2021-08-02,82.14
Indonesia,walking,2021-08-02,68.99
Indonesia,driving,2021-08-03,86.15
Indonesia,walking,2021-08-03,70.35
Indonesia,driving,2021-08-04,88.15
Indonesia,walking,2021-08-04,69.53
Indonesia,driving,2021-08-05,85.02
Indonesia,walking,2021-08-05,68.26
Indonesia,driving,2021-08-06,104.43
Indonesia,walking,2021-08-06,78.54
Indonesia,driving,2021-08-07,119.95
Indonesia,walking,2021-08-07,88.62
Indonesia,driving,2021-08-08,97.08
Indonesia,walking,2021-08-08,77.93
Indonesia,driving,2021-08-09,88.41
Indonesia,walking,2021-08-09,69.8
Indonesia,driving,2021-08-10,96.03
Indonesia,walking,2021-08-10,75.31
Indonesia,driving,2021-08-11,95.0
Indonesia,walking,2021-08-11,75.49
Indonesia,driving,2021-08-12,86.86
Indonesia,walking,2021-08-12,66.89
Indonesia,driving,2021-08-13,102.76
Indonesia,walking,2021-08-13,77.65
Indonesia,driving,2021-08-14,119.3
Indonesia,walking,2021-08-14,89.28
Indonesia,driving,2021-08-15,99.25
Indonesia,walking,2021-08-15,78.35
Indonesia,driving,2021-08-16,99.75
Indonesia,walking,2021-08-16,77.92
Indonesia,driving,2021-08-17,94.27
Indonesia,walking,2021-08-17,75.98
Indonesia,driving,2021-08-18,86.9
Indonesia,walking,2021-08-18,71.4
Indonesia,driving,2021-08-19,87.68
Indonesia,walking,2021-08-19,68.68
Indonesia,driving,2021-08-20,106.15
Indonesia,walking,2021-08-20,79.66
Indonesia,driving,2021-08-21,118.27
Indonesia,walking,2021-08-21,91.7
Indonesia,driving,2021-08-22,99.71
Indonesia,walking,2021-08-22,76.76
Indonesia,driving,2021-08-23,91.03
Indonesia,walking,2021-08-23,72.29
